[
{
    "id": "C01H38P2LGN",
    "name": "product-consulting",
    "created": 1608347308,
    "creator": "U01HA6U301H",
    "is_archived": false,
    "is_general": false,
    "members": [
        "U01J1971TDX",
        "U024668A8AG",
        "U027LNGLT2M",
        "U02AUDGVDPT",
        "U02NULGE2K0",
        "U02UZPK889Z",
        "U040TMXT4RM",
        "U04U5C94X71",
        "U06ATPDNESU",
        "U079XV7CY0M",
        "U07VBRCML94",
        "U088J1CHC2U",
        "U08FSKBT5K8",
        "U08HKCWH4EP",
        "U08LUA73YFJ",
        "U08UZQ2FS2X",
        "U092UJQULGP"
    ],
    "topic": {
        "value": "",
        "creator": "",
        "last_set": 0
    },
    "purpose": {
        "value": "",
        "creator": "",
        "last_set": 0
    }
},
{
    "id": "C01HNKAB3SM",
    "name": "general",
    "created": 1608347308,
    "creator": "U01HA6U301H",
    "is_archived": false,
    "is_general": true,
    "members": [
        "U01HA6U301H",
        "U01J1971TDX",
        "U024668A8AG",
        "U027LNGLT2M",
        "U02AUDGVDPT",
        "U02NULGE2K0",
        "U02UZPK889Z",
        "U040TMXT4RM",
        "U04U5C94X71",
        "U06ATPDNESU",
        "U079XV7CY0M",
        "U07T5QBR2JJ",
        "U07VBRCML94",
        "U088J1CHC2U",
        "U08FSKBT5K8",
        "U08HKCWH4EP",
        "U08LUA73YFJ",
        "U08UZQ2FS2X",
        "U092UJQULGP"
    ],
    "topic": {
        "value": "Company-wide announcements and work-based matters",
        "creator": "U01HA6U301H",
        "last_set": 1608347308
    },
    "purpose": {
        "value": "This channel is for workspace-wide communication and announcements. All members are in this channel.",
        "creator": "U01HA6U301H",
        "last_set": 1608347308
    }
},
{
    "id": "C07V3THA7EK",
    "name": "dqx-ai",
    "created": 1731096794,
    "creator": "U01J1971TDX",
    "is_archived": false,
    "is_general": false,
    "members": [
        "U01J1971TDX",
        "U079XV7CY0M",
        "U07V801NYM9",
        "U07VBRCML94"
    ],
    "topic": {
        "value": "",
        "creator": "",
        "last_set": 0
    },
    "purpose": {
        "value": "",
        "creator": "",
        "last_set": 0
    }
},
{
    "id": "C093MNRBXCP",
    "name": "llp-internal-dev-team",
    "created": 1751457881,
    "creator": "U08UZQ2FS2X",
    "is_archived": false,
    "is_general": false,
    "members": [
        "U02UZPK889Z",
        "U040TMXT4RM",
        "U079XV7CY0M",
        "U08UZQ2FS2X"
    ],
    "topic": {
        "value": "",
        "creator": "",
        "last_set": 0
    },
    "purpose": {
        "value": "",
        "creator": "",
        "last_set": 0
    }
},
{
    "id": "C07BNB4NTLM",
    "name": "research-material",
    "created": 1720573651,
    "creator": "U07407TFLKZ",
    "is_archived": false,
    "is_general": false,
    "members": [
        "U01HA6U301H",
        "U040TMXT4RM",
        "U073YTX68Q2"
    ],
    "topic": {
        "value": "",
        "creator": "",
        "last_set": 0
    },
    "purpose": {
        "value": "",
        "creator": "",
        "last_set": 0
    }
},
{
    "id": "C07MCQJP771",
    "name": "zoom-recordings-engineering",
    "created": 1726588515,
    "creator": "U07407TFLKZ",
    "is_archived": false,
    "is_general": false,
    "members": [
        "U01HA6U301H",
        "U040TMXT4RM",
        "U073YTX68Q2"
    ],
    "topic": {
        "value": "",
        "creator": "",
        "last_set": 0
    },
    "purpose": {
        "value": "",
        "creator": "",
        "last_set": 0
    }
}
]