[
{"user_id":"U079XV7CY0M","user_name":"vivek","date":1752233750,"change_type":"added","app_type":"Welcome message","app_id":"A094ZKSTWTZ"},
{"user_id":"U079XV7CY0M","user_name":"vivek","date":1752233749,"change_type":"added","app_type":"Item status notification","app_id":"A094ZKT0VST"},
{"user_id":0,"user_name":"slack","date":1752233737,"change_type":"app_collaborator_added","app_type":"Welcome message","app_id":"A094ZKSTWTZ"},
{"user_id":0,"user_name":"slack","date":1752233737,"change_type":"app_collaborator_added","app_type":"Item status notification","app_id":"A094ZKT0VST"},
{"user_id":0,"user_name":"slack","date":1752073962,"change_type":"app_collaborator_added","app_type":"CEO-Co-pilot","app_id":"A0951G4D0TC"},
{"user_id":"U01HA6U301H","user_name":"avinashuddaraju","date":1751991026,"change_type":"app_whitelist_added","resolution":"approved","app_type":"Google Calendar","app_id":"ADZ494LHY"},
{"user_id":"USLACKBOT","user_name":"slackbot","date":1751966036,"change_type":"app_allowlist_rule_executed","app_type":"Google Calendar","app_id":"ADZ494LHY"},
{"user_id":"U079XV7CY0M","user_name":"vivek","date":1751966035,"change_type":"app_whitelist_requested","app_type":"Google Calendar","app_id":"ADZ494LHY"},
{"user_id":"USLACKBOT","user_name":"slackbot","date":1749905244,"change_type":"disabled","reason":"admin","service_id":2226954660102,"service_type":"Google Drive","scope":"files:write:user"},
{"user_id":"U03APGCTWHF","user_name":"shubhamyemul5","date":1749818880,"change_type":"added","app_type":"Loom","app_id":"A9G1TH4S2","scope":"identity.basic,identity.email"},
{"user_id":"U08UZQ2FS2X","user_name":"pat","date":1749574548,"change_type":"enabled","reason":"server","service_id":2226954660102,"service_type":"Google Drive","scope":"files:write:user"},
{"user_id":"U08UZQ2FS2X","user_name":"pat","date":1749574547,"change_type":"added","app_type":"Google Drive","app_id":"A6NL8MJ6Q"},
{"user_id":"U08UZQ2FS2X","user_name":"pat","date":1749484923,"change_type":"added","app_type":"Atlassian","app_id":"A01T126NSG7","scope":"identity.basic,identity.email"},
{"user_id":0,"user_name":"slack","date":1749470524,"change_type":"disabled","reason":"admin","service_id":2226954660102,"service_type":"Google Drive","scope":"files:write:user"},
{"user_id":0,"user_name":"slack","date":1749470523,"change_type":"removed","reason":"user_deactivated","app_type":"Poppins","app_id":"A01TH66ME7K","scope":"identify,channels:read,groups:read,users:read"},
{"user_id":0,"user_name":"slack","date":1749470523,"change_type":"removed","reason":"user_deactivated","app_type":"Google Drive","app_id":"A6NL8MJ6Q","scope":"identify,bot,channels:read,files:read,team:read,users:read,users:read.email,chat:write:bot,links:read"},
{"user_id":"U08T945GQUS","user_name":"abdullah","date":1748653310,"change_type":"added","app_type":"Loom","app_id":"A9G1TH4S2","scope":"identity.basic,identity.email"},
{"user_id":"U01J1971TDX","user_name":"vvkunaparaju","date":1748643288,"change_type":"added","app_type":"Loom","app_id":"A9G1TH4S2","scope":"identity.basic,identity.email"},
{"user_id":"U01HA6U301H","user_name":"avinashuddaraju","date":1748280677,"change_type":"expanded","app_type":"Sunsama","app_id":"A17FCNLKX"},
{"user_id":"U01HA6U301H","user_name":"avinashuddaraju","date":1748280676,"change_type":"expanded","app_type":"Sunsama","app_id":"A17FCNLKX","scope":"identify,channels:read,groups:read,users.profile:read,chat:write,dnd:write,users.profile:write,links:read,links:write"},
{"user_id":"U01HA6U301H","user_name":"avinashuddaraju","date":1746629960,"change_type":"added","app_type":"Read AI","app_id":"A04UUCUGESK"},
{"user_id":"U08FSKBT5K8","user_name":"mohan","date":1746620628,"change_type":"added","app_type":"Weekly icebreakers","app_id":"A08R2U79X54"},
{"user_id":"U08FSKBT5K8","user_name":"mohan","date":1746620627,"change_type":"added","app_type":"Welcome message","app_id":"A08R2U79X46"},
{"user_id":0,"user_name":"slack","date":1746620616,"change_type":"app_collaborator_added","app_type":"Welcome message","app_id":"A08R2U79X46"},
{"user_id":0,"user_name":"slack","date":1746620616,"change_type":"app_collaborator_added","app_type":"Weekly icebreakers","app_id":"A08R2U79X54"},
{"user_id":"U01HA6U301H","user_name":"avinashuddaraju","date":1746459569,"change_type":"added","app_type":"Read AI","app_id":"A04UUCUGESK","scope":"identify,channels:history,groups:history,im:history,mpim:history,channels:read,groups:read,im:read,mpim:read,users:read"},
{"user_id":"U01HA6U301H","user_name":"avinashuddaraju","date":1742937605,"change_type":"updated","service_id":2226954660102,"service_type":"Google Drive","scope":"files:write:user"},
{"user_id":"U079XV7CY0M","user_name":"vivek","date":1742001850,"change_type":"added","service_id":8617444977217,"service_type":"Email","scope":"incoming-webhook","channel":"C07V3THA7EK"},
{"user_id":"U079XV7CY0M","user_name":"vivek","date":1741039957,"change_type":"added","service_id":8543339244898,"service_type":"Email","scope":"incoming-webhook","channel":"private"},
{"user_id":"U079XV7CY0M","user_name":"vivek","date":1730956906,"change_type":"added","service_id":7991251639893,"service_type":"Email","scope":"incoming-webhook","channel":"private"},
{"user_id":"U079XV7CY0M","user_name":"vivek","date":1730956685,"change_type":"added","app_type":"Amazon Q Developer","app_id":"A6L22LZNH"},
{"user_id":0,"user_name":"slack","date":1719493936,"change_type":"removed","reason":"user_deactivated","app_type":"Figma","app_id":"A01N2QYSA81","scope":"identity.basic"},
{"user_id":0,"user_name":"slack","date":1719493935,"change_type":"removed","reason":"user_deactivated","app_type":"Jira Cloud","app_id":"A2RPP3NFR","scope":"identify,channels:read,groups:read,im:read,mpim:read,channels:write,groups:write,links:read,links:write"},
{"user_id":"U01HA6U301H","user_name":"avinashuddaraju","date":1713558180,"change_type":"added","app_type":"Atlassian","app_id":"A01T126NSG7","scope":"identity.basic,identity.email"},
{"user_id":"U01HA6U301H","user_name":"avinashuddaraju","date":1712227778,"change_type":"expanded","app_type":"Sunsama","app_id":"A17FCNLKX","scope":"identify,channels:read,groups:read,users.profile:read,chat:write,dnd:write,users.profile:write,links:read,links:write"},
{"user_id":"U01HA6U301H","user_name":"avinashuddaraju","date":1712227778,"change_type":"expanded","app_type":"Sunsama","app_id":"A17FCNLKX"},
{"user_id":"U01HA6U301H","user_name":"avinashuddaraju","date":1703674460,"change_type":"removed","reason":"user_restricted","app_type":"Atlassian","app_id":"A01T126NSG7","scope":"identity.basic,identity.email"},
{"user_id":"U01HA6U301H","user_name":"avinashuddaraju","date":1700832693,"change_type":"app_whitelist_added","resolution":"approved","app_type":"Amazon Q Developer","app_id":"A6L22LZNH"},
{"user_id":"USLACKBOT","user_name":"slackbot","date":1700831537,"change_type":"app_allowlist_rule_executed","app_type":"Amazon Q Developer","app_id":"A6L22LZNH"},
{"user_id":"U040TMXT4RM","user_name":"anser7ali","date":1700831537,"change_type":"app_whitelist_requested","app_type":"Amazon Q Developer","app_id":"A6L22LZNH"},
{"user_id":"U01HA6U301H","user_name":"avinashuddaraju","date":1697344894,"change_type":"added","app_type":"iPoll","app_id":"A04BLF2APJT"},
{"user_id":"USLACKBOT","user_name":"slackbot","date":1690108630,"change_type":"app_allowlist_rule_executed","app_type":"Google Calendar","app_id":"ADZ494LHY"},
{"user_id":"U02UZPK889Z","user_name":"dineshnadimpalli.work","date":1690108629,"change_type":"app_whitelist_requested","app_type":"Google Calendar","app_id":"ADZ494LHY"},
{"user_id":"U03K7J3JAG7","user_name":"vkyaligar","date":1689197065,"change_type":"expanded","app_type":"Jira Cloud","app_id":"A2RPP3NFR"},
{"user_id":"U03K7J3JAG7","user_name":"vkyaligar","date":1689197065,"change_type":"added","app_type":"Jira Cloud","app_id":"A2RPP3NFR","scope":"identify,channels:read,groups:read,im:read,mpim:read,channels:write,groups:write,links:read,links:write"},
{"user_id":"U02UZPK889Z","user_name":"dineshnadimpalli.work","date":1689016139,"change_type":"added","app_type":"Atlassian","app_id":"A01T126NSG7","scope":"identity.basic,identity.email"},
{"user_id":"U058BMWDTPY","user_name":"arpittomar7740","date":1689015227,"change_type":"added","app_type":"Atlassian","app_id":"A01T126NSG7","scope":"identity.basic,identity.email"},
{"user_id":"U040TMXT4RM","user_name":"anser7ali","date":1685637036,"change_type":"added","app_type":"Atlassian","app_id":"A01T126NSG7","scope":"identity.basic,identity.email"},
{"user_id":"U01HA6U301H","user_name":"avinashuddaraju","date":1683900845,"change_type":"app_whitelist_added","resolution":"approved","app_type":"Claude","app_id":"A04KGS7N9A8"},
{"user_id":"USLACKBOT","user_name":"slackbot","date":1683900836,"change_type":"app_allowlist_rule_executed","app_type":"Claude","app_id":"A04KGS7N9A8"},
{"user_id":"U04UK1MRUDD","user_name":"chandrapenugonda655","date":1683900835,"change_type":"app_whitelist_requested","app_type":"Claude","app_id":"A04KGS7N9A8"},
{"user_id":"U02UZPK889Z","user_name":"dineshnadimpalli.work","date":1683520038,"change_type":"added","app_type":"Loom","app_id":"A9G1TH4S2","scope":"identity.basic,identity.email"},
{"user_id":"U01HA6U301H","user_name":"avinashuddaraju","date":1683292636,"change_type":"app_whitelist_added","resolution":"approved","app_type":"Slack for Gmail\u2122","app_id":"AEFLFJR9Q"},
{"user_id":"USLACKBOT","user_name":"slackbot","date":1683288616,"change_type":"app_allowlist_rule_executed","app_type":"Slack for Gmail\u2122","app_id":"AEFLFJR9Q"},
{"user_id":"U04UK1MRUDD","user_name":"chandrapenugonda655","date":1683288615,"change_type":"app_whitelist_requested","app_type":"Slack for Gmail\u2122","app_id":"AEFLFJR9Q"},
{"user_id":"USLACKBOT","user_name":"slackbot","date":1678086098,"change_type":"app_allowlist_rule_executed","app_type":"AWS Support","app_id":"A010CU512EQ"},
{"user_id":"U040TMXT4RM","user_name":"anser7ali","date":1678086096,"change_type":"app_whitelist_requested","app_type":"AWS Support","app_id":"A010CU512EQ"},
{"user_id":"U01HA6U301H","user_name":"avinashuddaraju","date":1671340304,"change_type":"app_whitelist_approved_with_scope_change","resolution":"approved","app_type":"Zoom","app_id":"A5GE9BMQC"},
{"user_id":"U03K7J3JAG7","user_name":"vkyaligar","date":1668529281,"change_type":"added","app_type":"Figma","app_id":"A01N2QYSA81","scope":"identity.basic"},
{"user_id":"U040TMXT4RM","user_name":"anser7ali","date":1667229142,"change_type":"added","app_type":"Jira Cloud","app_id":"A2RPP3NFR"},
{"user_id":"U040TMXT4RM","user_name":"anser7ali","date":1667229141,"change_type":"added","app_type":"Jira Cloud","app_id":"A2RPP3NFR","scope":"identify,channels:read,groups:read,im:read,mpim:read,channels:write,groups:write,links:read,links:write"},
{"user_id":"U01HA6U301H","user_name":"avinashuddaraju","date":1667228495,"change_type":"app_whitelist_added","resolution":"approved","app_type":"Jira Cloud","app_id":"A2RPP3NFR"},
{"user_id":"U040TMXT4RM","user_name":"anser7ali","date":1666957790,"change_type":"app_whitelist_requested","app_type":"Jira Cloud","app_id":"A2RPP3NFR"},
{"user_id":"U01HA6U301H","user_name":"avinashuddaraju","date":1658771597,"change_type":"added","app_type":"Sunsama","app_id":"A17FCNLKX"},
{"user_id":"U01HA6U301H","user_name":"avinashuddaraju","date":1658771596,"change_type":"added","app_type":"Sunsama","app_id":"A17FCNLKX","scope":"identify,channels:read,groups:read,users.profile:read,chat:write,dnd:write,users.profile:write,links:read,links:write"},
{"user_id":"U01HA6U301H","user_name":"avinashuddaraju","date":1648305609,"change_type":"added","app_type":"Figma","app_id":"A01N2QYSA81"},
{"user_id":"U01HA6U301H","user_name":"avinashuddaraju","date":1648305607,"change_type":"added","app_type":"Figma","app_id":"A01N2QYSA81","scope":"identity.basic"},
{"user_id":"U01HA6U301H","user_name":"avinashuddaraju","date":1648135558,"change_type":"added","app_type":"Miro","app_id":"A8VK125AS","scope":"identity.basic,identity.email,identity.avatar,identity.team"},
{"user_id":"U02UZPK889Z","user_name":"dineshnadimpalli.work","date":1648135385,"change_type":"removed","reason":"user_deactivated","app_type":"Google Drive","app_id":"A6NL8MJ6Q","scope":"identify,bot,channels:read,files:read,team:read,users:read,users:read.email,chat:write:bot,links:read"},
{"user_id":"U02UZPK889Z","user_name":"dineshnadimpalli.work","date":1642850442,"change_type":"app_whitelist_requested","app_type":"Notion Notifications (deprecated)","app_id":"A0VK5EP7Z"},
{"user_id":"U023LHCJ8GN","user_name":"dinesh601048","date":1642789944,"change_type":"removed","reason":"user_deactivated","app_type":"Loom","app_id":"A9G1TH4S2","scope":"identity.basic,identity.email"},
{"user_id":"U02MKB30W3S","user_name":"shyam.molleti543","date":1640711862,"change_type":"added","app_type":"Google Drive","app_id":"A6NL8MJ6Q","scope":"identify,bot,channels:read,files:read,team:read,users:read,users:read.email,chat:write:bot,links:read"},
{"user_id":"U026ESW53HD","user_name":"mryalamanchi","date":1629569133,"change_type":"added","app_type":"Poppins","app_id":"A01TH66ME7K"},
{"user_id":"U026ESW53HD","user_name":"mryalamanchi","date":1629569132,"change_type":"added","app_type":"Poppins","app_id":"A01TH66ME7K","scope":"identify,channels:read,groups:read,users:read"},
{"user_id":"U01HA6U301H","user_name":"avinashuddaraju","date":1629569070,"change_type":"app_whitelist_added","resolution":"approved","app_type":"Poppins","app_id":"A01TH66ME7K"},
{"user_id":"U026ESW53HD","user_name":"mryalamanchi","date":1629569049,"change_type":"app_whitelist_requested","app_type":"Poppins","app_id":"A01TH66ME7K"},
{"user_id":"U01HA6U301H","user_name":"avinashuddaraju","date":1625584979,"change_type":"added","app_type":"Loom","app_id":"A9G1TH4S2","scope":"identity.basic,identity.email"},
{"user_id":"U023Q60C30D","user_name":"akhil.balantrapu","date":1625581905,"change_type":"added","app_type":"Loom","app_id":"A9G1TH4S2","scope":"identity.basic,identity.email"},
{"user_id":"U01HA6U301H","user_name":"avinashuddaraju","date":1625179126,"change_type":"app_whitelist_added","resolution":"approved","app_type":"Zoom","app_id":"A5GE9BMQC"},
{"user_id":"U01HA6U301H","user_name":"avinashuddaraju","date":1625179067,"change_type":"whitelist_permissions_updated"},
{"user_id":"U01HA6U301H","user_name":"avinashuddaraju","date":1625179066,"change_type":"whitelist_enabled"},
{"user_id":"U026ESW53HD","user_name":"mryalamanchi","date":1625176926,"change_type":"added","app_type":"Google Drive","app_id":"A6NL8MJ6Q","scope":"identify,bot,channels:read,files:read,team:read,users:read,users:read.email,chat:write:bot,links:read"},
{"user_id":"U026ESW53HD","user_name":"mryalamanchi","date":1625176921,"change_type":"added","service_id":2226954660102,"service_type":"Google Drive","scope":"files:write:user"}
]