[
{"id":"F094ZKRDX2B","created":1752233733,"name":"list","title":"Project tracker","mimetype":"application\/vnd.slack-list","filetype":"list","pretty_type":"List","user":"U079XV7CY0M","editable":true,"size":0,"mode":"list","is_public":true,"is_tombstoned":false,"public_url_shared":false,"date_delete":0,"url_private_download":"https:\/\/files.slack.com\/files-pri\/T01GV7EP2VD-F094ZKRDX2B\/download\/list?t=xoxe-1573252784999-9219036033317-9233863466753-9f10738392ed5727397db8138761ca77","shares":[{"team":"T01GV7EP2VD","channel":"D07A0SBV9M0"},{"team":"T01GV7EP2VD","channel":"D094ZKY3A07"},{"team":"T01GV7EP2VD","channel":"C09614WQ7MW"}],"permalink":"https:\/\/labfox.slack.com\/lists\/T01GV7EP2VD\/F094ZKRDX2B","list_history_download":"https:\/\/files.slack.com\/files-list-history\/T01GV7EP2VD\/F094ZKRDX2B?history_start=1750219200&history_end=1752897599&t=xoxe-1573252784999-9219036033317-9233863466753-9f10738392ed5727397db8138761ca77","export_timestamp":1752859576}
]